# 一 单表查询
数据准备
```sql
/*stu测试数据*/
create table stu
(
	stuNo char(6) primary key,
	stuName varchar(10) not null,
	stuSex char(2) not null,
	stuAge tinyint not null ,
	stuSeat tinyint not null,
	stuAddress varchar(10) not null,
	ch tinyint,
	math tinyint 
);


insert into stu values ('s25301','张秋丽','男',18,1,'北京',80,null);
insert into stu values ('s25302','李文才','男',31,3,'上海',77,76);
insert into stu values ('s25303','李斯文','女',22,2,'北京',55,82);
insert into stu values ('s25304','欧阳俊雄','男',28,4,'天津',null,74);
insert into stu values ('s25305','诸葛丽丽','女',23,7,'河南',72,56);
insert into stu values ('s25318','争青小子','男',26,6,'天津',86,92);
insert into stu values ('s25319','梅超风','女',23,5,'河北',74,67);

insert into stu values ('s25320','Tom','男',24,8,'北京',65,67);
insert into stu values ('s25321','Tabm','女',23,9,'河北',88,77);
```

查询表的语法为:
```sql
select [选项] 列名 [as 别名] [from 表名] [where 条件]  [group by 分组] [order by 排序][having 条件] [limit 限制];
```

## 1.1 字段表达式
```sql
select 表达式 [as] result;
```
* `as result`: 别名，其中`as`可以省略

**示例**
```sql
select '锄禾日当午';  -- 字符串
select 10*10;  -- 数字
select '锄禾日当午' as content;  -- as别名
select 10*10  result; -- 省略as
```

## 1.2 from子句
`from`后面跟的是数据源。数据源如果有多个，返回笛卡尔积。

**插入测试数据**
```sql
create table t1(
id int,
name varchar(10)
);


create table t2(
field1 varchar(10),
field2 varchar(10)
);

insert into t1 values (1,'tom'),(2,'berry');

insert into t2 values ('333','333'),('444','444');
```
**笛卡尔**
```sql
mysql> select * from t1;
+------+-------+
| id   | name  |
+------+-------+
|    1 | tom   |
|    2 | berry |
+------+-------+
2 rows in set (0.00 sec)

mysql> select * from t2
    -> ;
+--------+--------+
| field1 | field2 |
+--------+--------+
| 333    | 333    |
| 444    | 444    |
+--------+--------+
2 rows in set (0.00 sec)

mysql> select * from t1,t2;
+------+-------+--------+--------+
| id   | name  | field1 | field2 |
+------+-------+--------+--------+
|    1 | tom   | 333    | 333    |
|    2 | berry | 333    | 333    |
|    1 | tom   | 444    | 444    |
|    2 | berry | 444    | 444    |
+------+-------+--------+--------+
4 rows in set (0.00 sec)
```

## 1.3 dual表
`dual`表是一个伪表。在有些特定情况下，没有具体的表的参与，
但是为了保证`select`语句的完整又必须要一个表名，这时候就使用伪表。

```sql
mysql> select 10*10 as result from dual;  #dual表是用来保证select语句的完整性。
+--------+
| result |
+--------+
|    100 |
+--------+
```

## 1.4 where子句
`where`后面跟的是条件，在数据源中进行筛选。返回条件为真记录

`MySQL`支持的运算符

1. `>`	  大于
2. `<`    小于
3. `>=`   大于或等于
4. `<=`   小于或等于
5. `=`    等于
6. `!=`或 `<>`   不等于
7. `and`  与
8. `or`   或
9. `not`  非

**示例**
```sql
select * from stu where stusex='男';		-- 查找性别是男的记录
select * from stu where stuage>=20;		-- 查找年龄不低于20的记录
```
**结果**
```sql
mysql> select * from stu where stuSex='男';
+--------+--------------+--------+--------+---------+------------+------+------+
| stuNo  | stuName      | stuSex | stuAge | stuSeat | stuAddress | ch   | math |
+--------+--------------+--------+--------+---------+------------+------+------+
| s25301 | 张秋丽       | 男     |     18 |       1 | 北京       |   80 | NULL |
| s25302 | 李文才       | 男     |     31 |       3 | 上海       |   77 |   76 |
| s25304 | 欧阳俊雄     | 男     |     28 |       4 | 天津       | NULL |   74 |
| s25318 | 争青小子     | 男     |     26 |       6 | 天津       |   86 |   92 |
| s25320 | Tom          | 男     |     24 |       8 | 北京       |   65 |   67 |
+--------+--------------+--------+--------+---------+------------+------+------+
5 rows in set (0.00 sec)

mysql> select * from stu where stuage>=20;
+--------+--------------+--------+--------+---------+------------+------+------+
| stuNo  | stuName      | stuSex | stuAge | stuSeat | stuAddress | ch   | math |
+--------+--------------+--------+--------+---------+------------+------+------+
| s25302 | 李文才       | 男     |     31 |       3 | 上海       |   77 |   76 |
| s25303 | 李斯文       | 女     |     22 |       2 | 北京       |   55 |   82 |
| s25304 | 欧阳俊雄     | 男     |     28 |       4 | 天津       | NULL |   74 |
| s25305 | 诸葛丽丽     | 女     |     23 |       7 | 河南       |   72 |   56 |
| s25318 | 争青小子     | 男     |     26 |       6 | 天津       |   86 |   92 |
| s25319 | 梅超风       | 女     |     23 |       5 | 河北       |   74 |   67 |
| s25320 | Tom          | 男     |     24 |       8 | 北京       |   65 |   67 |
| s25321 | Tabm         | 女     |     23 |       9 | 河北       |   88 |   77 |
+--------+--------------+--------+--------+---------+------------+------+------+
8 rows in set (0.00 sec)
```
**查询在上海或在北京的学生**
```sql
mysql> select * from stu where stuaddress='上海' or stuaddress='北京';
+--------+-----------+--------+--------+---------+------------+------+------+
| stuNo  | stuName   | stuSex | stuAge | stuSeat | stuAddress | ch   | math |
+--------+-----------+--------+--------+---------+------------+------+------+
| s25301 | 张秋丽    | 男     |     18 |       1 | 北京       |   80 | NULL |
| s25302 | 李文才    | 男     |     31 |       3 | 上海       |   77 |   76 |
| s25303 | 李斯文    | 女     |     22 |       2 | 北京       |   55 |   82 |
| s25320 | Tom       | 男     |     24 |       8 | 北京       |   65 |   67 |
+--------+-----------+--------+--------+---------+------------+------+------+
4 rows in set (0.00 sec)
```

## 1.5  in 和 not in
* `in set`: 在集合中
* `not in set`: 不在集合中

```sql
select * from stu where stuaddress in ('北京','上海');
select * from stu where stuaddress not in ('北京','上海');
```

## 1.6  between A and B|not between A and B
* `between A and B`: 在`A`和`B`之间
* `not between A and B`: 不在`A`和`B`之间

**在`A`和`B`之间**
```sql
select * from stu where stuage>=18 and stuage<=20;   -- 方法一

select * from stu where stuage between 18 and 20;   -- 方法二
```
**不在`A`和`B`之间**
```sql
select * from stu where stuage<18 or stuage>20;

select * from stu where not (stuage>=18 and stuage<=20);

select * from stu where stuage not between 18 and 20;
```

## 1.7 is null | is not null

查询一个为空的字段不能用等于，必须用`is null`

**示例**
```sql
select * from stu where ch is null or math is null;
select * from stu where ch is not null and math is not null;
```

## 1.8 聚合函数


**常用集合函数**
1. `sum()`  	   求和
2. `avg()`         求平均值
3. `max()`        求最大值
4. `min()`          求最小值
5. `count()`      求记录数

**求语文总分、语文平均分、语文最高分、语文最低分、总人数**
```sql
mysql> select sum(ch) '语文总分',avg(ch) '语文平均分', max(ch) '语文最高分',min(ch) '语文最低分',count(*) '总人数' from stu;
+--------------+-----------------+-----------------+-----------------+-----------+
| 语文总分     | 语文平均分      | 语文最高分      | 语文最低分      | 总人数    |
+--------------+-----------------+-----------------+-----------------+-----------+
|          597 |         74.6250 |              88 |              55 |         9 |
+--------------+-----------------+-----------------+-----------------+-----------+
1 row in set (0.01 sec)
```

## 1.9 模糊查询（like）
**通配符**
* `_` 下划线，匹配任意一个字符
* `%` 百分号，匹配任意个字符

**查找姓张的同学**
```sql
select * from stu where stuname like '张%';
```
**查询姓名是T开头m结尾，三个字母的学生**
```sql
select * from stu where stuname like 'T_m';
```

## 1.10 order by 排序
* `asc`: 升序【默认】
* `desc`: 降序

**示例**
```sql
select * from stu order by ch desc;		-- 语文成绩降序排列

select * from stu order by math asc;    -- 数学成绩升序排列

select * from stu order by math;        -- 默认升序排列
```

**多列排序**
```sql
-- 年龄升序，如果年龄相同然后按成绩降序
select *,(ch + math) as '总分' from stu order by stuage asc,(ch+math) desc;
-- 年龄降序, 语文降序
select * from stu order by stuage desc,ch desc;
-- 年龄降序，语文升序
select * from stu order by stuage desc,ch asc;
-- 年龄升序、语文降序
select * from stu order by stuage,ch desc;
-- 年龄升序、语文升序
select * from stu order by stuage,ch;
```

## 1.11 group by 分组查询
将查询的结果分组，分组查询目的在于统计数据。
```sql
select * from emp group by stuSex;
```
* 分组后，最小可操作单位为组，不再是单条数据
* 未设置严格模式: 返回每个组的第一条数据
* 设置严格模式(`set global sql_mode = "strict_trans_tables, only_full_group_by";`): 
  命令报错, 只能拿到分组依据, 其他字段不能直接获取, 需要使用一些方法才能拿到

> 1. 如果是分组查询，**查询字段必须是分组字段和聚合函数**。
> 2. 查询字段是普通字段，只取第一个值

使用`group_concat(field_name)`提取每组中的数据
```sql
mysql> select stuAddress, group_concat(stuName) from stu group by stuAddress desc;
+------------+---------------------------+
| stuAddress | group_concat(stuName)     |
+------------+---------------------------+
| 河南       | 诸葛丽丽                  |
| 河北       | 梅超风,Tabm               |
| 天津       | 欧阳俊雄,争青小子         |
| 北京       | 张秋丽,李斯文,Tom         |
| 上海       | 李文才                    |
+------------+---------------------------+
5 rows in set, 1 warning (0.00 sec)

mysql> select stuAddress, group_concat(stuName, ':', (ch+math)) from stu group by stuAddress desc;
+------------+---------------------------------------+
| stuAddress | group_concat(stuName, ':', (ch+math)) |
+------------+---------------------------------------+
| 河南       | 诸葛丽丽:128                          |
| 河北       | 梅超风:141,Tabm:165                   |
| 天津       | 争青小子:178                          |
| 北京       | 李斯文:137,Tom:132                    |
| 上海       | 李文才:153                            |
+------------+---------------------------------------+
5 rows in set, 1 warning (0.00 sec)
```

**多列分组**: 计算每个地方男女的平均年龄
```sql
select stuaddress,stusex,avg(stuage) from stu group by stuaddress,stusex;
```

## 1.12 having条件
`having`的作用: **在查询结果集上继续进行筛选**

> having和where的区别：
>
> `where`是对原始数据进行筛选，`having`是对查询出来的记录集进行筛选。

```sql
mysql> select stuSex, count(stuNo) as total from stu group by stuSex;
+--------+-------+
| stuSex | total |
+--------+-------+
| 女     |     4 |
| 男     |     5 |
+--------+-------+
2 rows in set (0.00 sec)

mysql> select stuSex, count(stuNo) as total from stu group by stuSex having total=4;
+--------+-------+
| stuSex | total |
+--------+-------+
| 女     |     4 |
+--------+-------+
1 row in set (0.00 sec)
```

## 1.13 limit
`limit`语法: `limit 起始位置, 偏移量`
```sql
mysql> select * from stu limit 0,2;
+--------+-----------+--------+--------+---------+------------+------+------+
| stuNo  | stuName   | stuSex | stuAge | stuSeat | stuAddress | ch   | math |
+--------+-----------+--------+--------+---------+------------+------+------+
| s25301 | 张秋丽    | 男     |     18 |       1 | 北京       |   80 | NULL |
| s25302 | 李文才    | 男     |     31 |       3 | 上海       |   77 |   76 |
+--------+-----------+--------+--------+---------+------------+------+------+
2 rows in set (0.00 sec)

mysql> select * from stu limit 2,2;
+--------+--------------+--------+--------+---------+------------+------+------+
| stuNo  | stuName      | stuSex | stuAge | stuSeat | stuAddress | ch   | math |
+--------+--------------+--------+--------+---------+------------+------+------+
| s25303 | 李斯文       | 女     |     22 |       2 | 北京       |   55 |   82 |
| s25304 | 欧阳俊雄     | 男     |     28 |       4 | 天津       | NULL |   74 |
+--------+--------------+--------+--------+---------+------------+------+------+
2 rows in set (0.00 sec)

mysql> select * from stu limit 4,2;
+--------+--------------+--------+--------+---------+------------+------+------+
| stuNo  | stuName      | stuSex | stuAge | stuSeat | stuAddress | ch   | math |
+--------+--------------+--------+--------+---------+------------+------+------+
| s25305 | 诸葛丽丽     | 女     |     23 |       7 | 河南       |   72 |   56 |
| s25318 | 争青小子     | 男     |     26 |       6 | 天津       |   86 |   92 |
+--------+--------------+--------+--------+---------+------------+------+------+
2 rows in set (0.00 sec)

mysql> select * from stu limit 6,2;
+--------+-----------+--------+--------+---------+------------+------+------+
| stuNo  | stuName   | stuSex | stuAge | stuSeat | stuAddress | ch   | math |
+--------+-----------+--------+--------+---------+------------+------+------+
| s25319 | 梅超风    | 女     |     23 |       5 | 河北       |   74 |   67 |
| s25320 | Tom       | 男     |     24 |       8 | 北京       |   65 |   67 |
+--------+-----------+--------+--------+---------+------------+------+------+
2 rows in set (0.00 sec)

mysql> select * from stu limit 8,2;
+--------+---------+--------+--------+---------+------------+------+------+
| stuNo  | stuName | stuSex | stuAge | stuSeat | stuAddress | ch   | math |
+--------+---------+--------+--------+---------+------------+------+------+
| s25321 | Tabm    | 女     |     23 |       9 | 河北       |   88 |   77 |
+--------+---------+--------+--------+---------+------------+------+------+
1 row in set (0.00 sec)
```

**`limit`在`update`和`delete`语句中也是可以使用的。**

## 1.14 选项
* `all`: 显示所有数据，默认
* `distinct`: 去除重复数据

```sql
mysql> select stuaddress from stu;
+------------+
| stuaddress |
+------------+
| 北京       |
| 上海       |
| 北京       |
| 天津       |
| 河南       |
| 天津       |
| 河北       |
| 北京       |
| 河北       |
+------------+
9 rows in set (0.00 sec)

mysql> select distinct stuaddress from stu;
+------------+
| stuaddress |
+------------+
| 北京       |
| 上海       |
| 天津       |
| 河南       |
| 河北       |
+------------+
5 rows in set (0.00 sec)
```

## 1.15 联合查询union
作用: **将多个select语句结果集纵向联合起来**
```sql
select 语句 union [选项] select 语句 union [选项] select 语句
```

`union`的选项有两个
1. `all`: 示所有数据

2. `distinct`: 去除重复的数据【默认】

**注意事项**
1. `union`两边的`select`语句的字段个数必须一致

2. `union`两边的`select`语句的字段名可以不一致，
   最终按第一个`select`语句的字段名。

3. `union`两边的`select`语句中的数据类型可以不一致。

**示例**
```sql
mysql> select stuname,stuaddress,stusex from stu where stuaddress='上海' and stusex='男' union select stuname,stuaddress,stusex from stu where stuaddress='北京' and stusex='女';
+-----------+------------+--------+
| stuname   | stuaddress | stusex |
+-----------+------------+--------+
| 李文才    | 上海       | 男     |
| 李斯文    | 北京       | 女     |
+-----------+------------+--------+
2 rows in set (0.00 sec)
```

# 二 多表查询
**数据准备**
```sql
/*stuinfo测试数据*/
create table stuinfo
(
	stuNo char(6) primary key,
	stuName varchar(10) not null,
	stuSex char(2) not null,
	stuAge tinyint not null ,
	stuSeat tinyint not null,
	stuAddress varchar(10) not null
);


insert into stuinfo values ('s25301','张秋丽','男',18,1,'北京');
insert into stuinfo values ('s25302','李文才','男',31,3,'上海');
insert into stuinfo values ('s25303','李斯文','女',22,2,'北京');
insert into stuinfo values ('s25304','欧阳俊雄','男',28,4,'天津');
insert into stuinfo values ('s25305','诸葛丽丽','女',23,7,'河南');
insert into stuinfo values ('s25318','争青小子','男',26,6,'天津');
insert into stuinfo values ('s25319','梅超风','女',23,5,'河北');

/*stuMarks测试数据*/

create table stuMarks
(
examNo char(7) primary key,
stuNo char(6) not null ,
writtenExam int,
labExam int
);

insert into stumarks values ('s271811','s25303',80,58);
insert into stumarks values ('s271813','s25302',50,90);
insert into stumarks values ('s271815','s25304',65,50);
insert into stumarks values ('s271816','s25301',77,82);
insert into stumarks values ('s271819','s25318',56,48);
insert into stumarks values ('s271820','s25320',66,77);
```

## 2.1 内连接inner join
**提取多张表的具有相同数据的记录**
```sql
select 列名 from 表1 inner join 表2 on 表1.公共字段=表2.公共字段

select 列名 from 表1,表2 where 表1.公共字段=表2.公共字段
```

**示例**
```sql
mysql> select stuinfo.stuNo, stuName,writtenExam,labExam
    -> from stuinfo
    -> inner join stumarks
    -> on stuinfo.stuNo=stumarks.stuNo;
+--------+--------------+-------------+---------+
| stuNo  | stuName      | writtenExam | labExam |
+--------+--------------+-------------+---------+
| s25303 | 李斯文       |          80 |      58 |
| s25302 | 李文才       |          50 |      90 |
| s25304 | 欧阳俊雄     |          65 |      50 |
| s25301 | 张秋丽       |          77 |      82 |
| s25318 | 争青小子     |          56 |      48 |
+--------+--------------+-------------+---------+
5 rows in set (0.00 sec)
```
* **显示公共字段需要指定表名**

* 两张表，无论在那张在前面，内连接出来的结果都是一样的。

**三张表内连接**
```sql
select * from 表1 
    inner join 表2 on 表1.公共字段=表2.公共字段
    inner join 表3 on 表2.公共字段=表3.公共字段
```

**支持给表取别名，之后都需要使用别名**

## 2.2 外连接

### 2.2.1 左外连接left join
以左边的表为标准，如果右边的表没有对应的记录，用`NULL`填充。
```sql
select 列名 from 表1 left join 表2 on 表1.公共字段=表2.公共字段;
```
* 以表1为准

**示例**
```sql
mysql> select stuname,writtenexam,labexam from stuinfo left join stumarks on stuinfo.stuno=stumarks.stuno;
+--------------+-------------+---------+
| stuname      | writtenexam | labexam |
+--------------+-------------+---------+
| 李斯文       |          80 |      58 |
| 李文才       |          50 |      90 |
| 欧阳俊雄     |          65 |      50 |
| 张秋丽       |          77 |      82 |
| 争青小子     |          56 |      48 |
| 诸葛丽丽     |        NULL |    NULL |
| 梅超风       |        NULL |    NULL |
+--------------+-------------+---------+
7 rows in set (0.00 sec)
```

### 2.2.2 有外连接right join
以右边的表为标准，如果左边的表没有对应的记录，用NULL填充
```sql
select 列名 from 表1 right join 表2 on 表1.公共字段=表2.公共字段;
```
* 以表2为准

**示例**
```sql
mysql> select stuname,writtenexam,labexam from stuinfo right join stumarks on stuinfo.stuno=stumarks.stuno;
+--------------+-------------+---------+
| stuname      | writtenexam | labexam |
+--------------+-------------+---------+
| 李斯文       |          80 |      58 |
| 李文才       |          50 |      90 |
| 欧阳俊雄     |          65 |      50 |
| 张秋丽       |          77 |      82 |
| 争青小子     |          56 |      48 |
| NULL         |          66 |      77 |
+--------------+-------------+---------+
6 rows in set (0.00 sec)
```

## 2.3 交叉连接cross join
```sql
select 列名 from 表1 cross join 表2 [where 表1.公共字段=表2.公共字段];
```
* 如果没有连接表达式返回的是笛卡尔积
* 如果有连接表达式等价于内连接

## 2.4 自然连接 natural
**自动的判断连接条件，它是过同名字段来判断的**

**自然连接又分类**
1. 自然内连接   `natural join`
2. 自然左外连接 `natural left join`
3. 自然右外连接 `natural right join`

****
自然连接结论

1. 表连接通过**同名的字段来连接**的

2. 如果 **没有同名的字段返回笛卡尔积**

3. 会对结果进行整理，整理的规则如下
   * 连接字段保留一个
   * 连接字段放在最前面
   * 左外连接左边在前，右外连接右表在前

## 2.5 using()
1. 用来指定连接字段。
2. `using()`也会对连接字段进行整理，整理方式和自然连接是一样的。

```sql
mysql> select * from stuinfo inner join stumarks using(stuno);
+--------+--------------+--------+--------+---------+------------+---------+-------------+---------+
| stuNo  | stuName      | stuSex | stuAge | stuSeat | stuAddress | examNo  | writtenExam | labExam |
+--------+--------------+--------+--------+---------+------------+---------+-------------+---------+
| s25303 | 李斯文       | 女     |     22 |       2 | 北京       | s271811 |          80 |      58 |
| s25302 | 李文才       | 男     |     31 |       3 | 上海       | s271813 |          50 |      90 |
| s25304 | 欧阳俊雄     | 男     |     28 |       4 | 天津       | s271815 |          65 |      50 |
| s25301 | 张秋丽       | 男     |     18 |       1 | 北京       | s271816 |          77 |      82 |
| s25318 | 争青小子     | 男     |     26 |       6 | 天津       | s271819 |          56 |      48 |
+--------+--------------+--------+--------+---------+------------+---------+-------------+---------+
5 rows in set (0.00 sec)
```

## 2.6 子查询
将一条查询语句的结果当初另一个查询语句的条件
```sql
select 语句 where 条件 (select 列 from 表)
```
1. 外面的查询称为父查询，括号中的查询称为子查询
   
2. 子查询为父查询提供查询条件

**示例**
```sql
mysql> select * from stuinfo where stuno=(select stuno from stumarks where writtenexam=(select max(writtenexam) from stumarks));
+--------+-----------+--------+--------+---------+------------+
| stuNo  | stuName   | stuSex | stuAge | stuSeat | stuAddress |
+--------+-----------+--------+--------+---------+------------+
| s25303 | 李斯文    | 女     |     22 |       2 | 北京       |
+--------+-----------+--------+--------+---------+------------+
1 row in set (0.00 sec)
```

### 2.6.1 in|not in子查询
用于子查询的返回结果多个值

**示例**
```sql
mysql> select * from stuinfo where stuno in (select stuno from stumarks where writtenexam>=60);
+--------+--------------+--------+--------+---------+------------+
| stuNo  | stuName      | stuSex | stuAge | stuSeat | stuAddress |
+--------+--------------+--------+--------+---------+------------+
| s25303 | 李斯文       | 女     |     22 |       2 | 北京       |
| s25304 | 欧阳俊雄     | 男     |     28 |       4 | 天津       |
| s25301 | 张秋丽       | 男     |     18 |       1 | 北京       |
+--------+--------------+--------+--------+---------+------------+
3 rows in set (0.00 sec)

mysql> select * from stuinfo where stuno  not in (select stuno from stumarks where writtenexam>=60);
+--------+--------------+--------+--------+---------+------------+
| stuNo  | stuName      | stuSex | stuAge | stuSeat | stuAddress |
+--------+--------------+--------+--------+---------+------------+
| s25302 | 李文才       | 男     |     31 |       3 | 上海       |
| s25305 | 诸葛丽丽     | 女     |     23 |       7 | 河南       |
| s25318 | 争青小子     | 男     |     26 |       6 | 天津       |
| s25319 | 梅超风       | 女     |     23 |       5 | 河北       |
+--------+--------------+--------+--------+---------+------------+
4 rows in set (0.00 sec)
```

### 2.6.2 exists和not exists

**如果有人笔试超过80分就显示所有的学生**
```sql
mysql> select * from stuinfo where exists (select * from stumarks where writtenexam>=80);
+--------+--------------+--------+--------+---------+------------+
| stuNo  | stuName      | stuSex | stuAge | stuSeat | stuAddress |
+--------+--------------+--------+--------+---------+------------+
| s25301 | 张秋丽       | 男     |     18 |       1 | 北京       |
| s25302 | 李文才       | 男     |     31 |       3 | 上海       |
| s25303 | 李斯文       | 女     |     22 |       2 | 北京       |
| s25304 | 欧阳俊雄     | 男     |     28 |       4 | 天津       |
| s25305 | 诸葛丽丽     | 女     |     23 |       7 | 河南       |
| s25318 | 争青小子     | 男     |     26 |       6 | 天津       |
| s25319 | 梅超风       | 女     |     23 |       5 | 河北       |
+--------+--------------+--------+--------+---------+------------+
```
**如果没有人超过80分就显示所有的学生**
```sql
mysql> select * from stuinfo where not exists (select * from stumarks where writtenexam>=80);
Empty set (0.02 sec)
```

### 2.6.3 子查询分类
1. 标量子查询：子查询返回的结果就一个
2. 列子查询：子查询返回的结果是一个列表
3. 行子查询：子查询返回的结果是一行

**from后面是一个表，如果子查询的结果当成表来看，必须将子查询的结果取别名。**


```sql
select stuname,stusex,ch from stu where (stusex,ch) in (select stusex,max(ch) from stu group by stusex);

select stuname,stusex,ch from (select * from stu order by ch desc) as t group by stusex;
```
